pdb_id,wt_seq,mut_info,mut_seq
P62593,MSIQHFRVALIPFFAAFCLPVFAHPETLVKVKDAEDQLGARVGYIELDLNSGKILESFRPEERFPMMSTFKVLLCGAVLSRVDAGQEQLGRRIHYSQNDLVEYSPVTEKHLTDGMTVRELCSAAITMSDNTAANLLLTTIGGPKELTAFLHNMGDHVTRLDRWEPELNEAIPNDERDTTMPAAMATTLRKLLTGELLTLASRQQLIDWMEADKVAGPLLRSALPAGWFIADKSGAGERGSRGIIAALGPDGKPSRIVVIYTTGSQATMDERNRQIAEIGASLIKHW,A40G:E102K:M180T,MSIQHFRVALIPFFAAFCLPVFAHPETLVKVKDAEDQLGGRVGYIELDLNSGKILESFRPEERFPMMSTFKVLLCGAVLSRVDAGQEQLGRRIHYSQNDLVKYSPVTEKHLTDGMTVRELCSAAITMSDNTAANLLLTTIGGPKELTAFLHNMGDHVTRLDRWEPELNEAIPNDERDTTTPAAMATTLRKLLTGELLTLASRQQLIDWMEADKVAGPLLRSALPAGWFIADKSGAGERGSRGIIAALGPDGKPSRIVVIYTTGSQATMDERNRQIAEIGASLIKHW
P62593,MSIQHFRVALIPFFAAFCLPVFAHPETLVKVKDAEDQLGARVGYIELDLNSGKILESFRPEERFPMMSTFKVLLCGAVLSRVDAGQEQLGRRIHYSQNDLVEYSPVTEKHLTDGMTVRELCSAAITMSDNTAANLLLTTIGGPKELTAFLHNMGDHVTRLDRWEPELNEAIPNDERDTTMPAAMATTLRKLLTGELLTLASRQQLIDWMEADKVAGPLLRSALPAGWFIADKSGAGERGSRGIIAALGPDGKPSRIVVIYTTGSQATMDERNRQIAEIGASLIKHW,A40S:E102K,MSIQHFRVALIPFFAAFCLPVFAHPETLVKVKDAEDQLGSRVGYIELDLNSGKILESFRPEERFPMMSTFKVLLCGAVLSRVDAGQEQLGRRIHYSQNDLVKYSPVTEKHLTDGMTVRELCSAAITMSDNTAANLLLTTIGGPKELTAFLHNMGDHVTRLDRWEPELNEAIPNDERDTTMPAAMATTLRKLLTGELLTLASRQQLIDWMEADKVAGPLLRSALPAGWFIADKSGAGERGSRGIIAALGPDGKPSRIVVIYTTGSQATMDERNRQIAEIGASLIKHW
P62593,MSIQHFRVALIPFFAAFCLPVFAHPETLVKVKDAEDQLGARVGYIELDLNSGKILESFRPEERFPMMSTFKVLLCGAVLSRVDAGQEQLGRRIHYSQNDLVEYSPVTEKHLTDGMTVRELCSAAITMSDNTAANLLLTTIGGPKELTAFLHNMGDHVTRLDRWEPELNEAIPNDERDTTMPAAMATTLRKLLTGELLTLASRQQLIDWMEADKVAGPLLRSALPAGWFIADKSGAGERGSRGIIAALGPDGKPSRIVVIYTTGSQATMDERNRQIAEIGASLIKHW,E102K:M180T,MSIQHFRVALIPFFAAFCLPVFAHPETLVKVKDAEDQLGARVGYIELDLNSGKILESFRPEERFPMMSTFKVLLCGAVLSRVDAGQEQLGRRIHYSQNDLVKYSPVTEKHLTDGMTVRELCSAAITMSDNTAANLLLTTIGGPKELTAFLHNMGDHVTRLDRWEPELNEAIPNDERDTTTPAAMATTLRKLLTGELLTLASRQQLIDWMEADKVAGPLLRSALPAGWFIADKSGAGERGSRGIIAALGPDGKPSRIVVIYTTGSQATMDERNRQIAEIGASLIKHW
P62942,MGVQVETISPGDGRTFPKRGQTCVVHYTGMLEDGKKFDSSRDRNKPFKFMLGKQEVIRGWEEGVAQMSVGQRAKLTISPDYAYGATGHPGIIPPHATLVFDVELLKLE,D38S:R43A,MGVQVETISPGDGRTFPKRGQTCVVHYTGMLEDGKKFSSSRDANKPFKFMLGKQEVIRGWEEGVAQMSVGQRAKLTISPDYAYGATGHPGIIPPHATLVFDVELLKLE
P62942,MGVQVETISPGDGRTFPKRGQTCVVHYTGMLEDGKKFDSSRDRNKPFKFMLGKQEVIRGWEEGVAQMSVGQRAKLTISPDYAYGATGHPGIIPPHATLVFDVELLKLE,E32Q:D33N,MGVQVETISPGDGRTFPKRGQTCVVHYTGMLQNGKKFDSSRDRNKPFKFMLGKQEVIRGWEEGVAQMSVGQRAKLTISPDYAYGATGHPGIIPPHATLVFDVELLKLE
P62942,MGVQVETISPGDGRTFPKRGQTCVVHYTGMLEDGKKFDSSRDRNKPFKFMLGKQEVIRGWEEGVAQMSVGQRAKLTISPDYAYGATGHPGIIPPHATLVFDVELLKLE,E32Q:D33N:H95N,MGVQVETISPGDGRTFPKRGQTCVVHYTGMLQNGKKFDSSRDRNKPFKFMLGKQEVIRGWEEGVAQMSVGQRAKLTISPDYAYGATGHPGIIPPNATLVFDVELLKLE
P62942,MGVQVETISPGDGRTFPKRGQTCVVHYTGMLEDGKKFDSSRDRNKPFKFMLGKQEVIRGWEEGVAQMSVGQRAKLTISPDYAYGATGHPGIIPPHATLVFDVELLKLE,I92E:A96K,MGVQVETISPGDGRTFPKRGQTCVVHYTGMLEDGKKFDSSRDRNKPFKFMLGKQEVIRGWEEGVAQMSVGQRAKLTISPDYAYGATGHPGIEPPHKTLVFDVELLKLE
P62942,MGVQVETISPGDGRTFPKRGQTCVVHYTGMLEDGKKFDSSRDRNKPFKFMLGKQEVIRGWEEGVAQMSVGQRAKLTISPDYAYGATGHPGIIPPHATLVFDVELLKLE,R41I:D42E,MGVQVETISPGDGRTFPKRGQTCVVHYTGMLEDGKKFDSSIERNKPFKFMLGKQEVIRGWEEGVAQMSVGQRAKLTISPDYAYGATGHPGIIPPHATLVFDVELLKLE
P62942,MGVQVETISPGDGRTFPKRGQTCVVHYTGMLEDGKKFDSSRDRNKPFKFMLGKQEVIRGWEEGVAQMSVGQRAKLTISPDYAYGATGHPGIIPPHATLVFDVELLKLE,R41I:D42E:R43E:N44Y:K45E,MGVQVETISPGDGRTFPKRGQTCVVHYTGMLEDGKKFDSSIEEYEPFKFMLGKQEVIRGWEEGVAQMSVGQRAKLTISPDYAYGATGHPGIIPPHATLVFDVELLKLE
P62942,MGVQVETISPGDGRTFPKRGQTCVVHYTGMLEDGKKFDSSRDRNKPFKFMLGKQEVIRGWEEGVAQMSVGQRAKLTISPDYAYGATGHPGIIPPHATLVFDVELLKLE,T22K:V24K:K48E,MGVQVETISPGDGRTFPKRGQKCKVHYTGMLEDGKKFDSSRDRNKPFEFMLGKQEVIRGWEEGVAQMSVGQRAKLTISPDYAYGATGHPGIIPPHATLVFDVELLKLE
P62942,MGVQVETISPGDGRTFPKRGQTCVVHYTGMLEDGKKFDSSRDRNKPFKFMLGKQEVIRGWEEGVAQMSVGQRAKLTISPDYAYGATGHPGIIPPHATLVFDVELLKLE,T22K:V24K:K48E:K53E,MGVQVETISPGDGRTFPKRGQKCKVHYTGMLEDGKKFDSSRDRNKPFEFMLGEQEVIRGWEEGVAQMSVGQRAKLTISPDYAYGATGHPGIIPPHATLVFDVELLKLE
P62942,MGVQVETISPGDGRTFPKRGQTCVVHYTGMLEDGKKFDSSRDRNKPFKFMLGKQEVIRGWEEGVAQMSVGQRAKLTISPDYAYGATGHPGIIPPHATLVFDVELLKLE,T22K:V24K:K48E:K53E:K106E,MGVQVETISPGDGRTFPKRGQKCKVHYTGMLEDGKKFDSSRDRNKPFEFMLGEQEVIRGWEEGVAQMSVGQRAKLTISPDYAYGATGHPGIIPPHATLVFDVELLELE
P00004,MGDVEKGKKIFVQKCAQCHTVEKGGKHKTGPNLHGLFGRKTGQAPGFTYTDANKNKGITWKEETLMEYLENPKKYIPGTKMIFAGIKKKTEREDLIAYLKKATNE,Y68R:M81A,MGDVEKGKKIFVQKCAQCHTVEKGGKHKTGPNLHGLFGRKTGQAPGFTYTDANKNKGITWKEETLMERLENPKKYIPGTKAIFAGIKKKTEREDLIAYLKKATNE
P17778,MFINPRNVSNTFLQEPLRHSSNLTEMPVEAENVKSKTEYYNAWSEWERNAPPGNGEQREMAVSRLRDCLDRQAHELELNNLGLSSLPELPPHLESLVASCNSLTELPELPQSLKSLLVDNNNLKALSDLPPLLEYLGVSNNQLEKLPELQNSSFLKIIDVDNNSLKKLPDLPPSLEFIAAGNNQLEELPELQNLPFLTAIYADNNSLKKLPDLPLSLESIVAGNNILEELPELQNLPFLTTIYADNNLLKTLPDLPPSLEALNVRDNYLTDLPELPQSLTFLDVSENIFSGLSELPPNLYYLNASSNEIRSLCDLPPSLEELNVSNNKLIELPALPPRLERLIASFNHLAEVPELPQNLKQLHVEYNPLREFPDIPESVEDLRMNSERVVDPYEFAHETTDKLEDDVFE,F289L:I309L,MFINPRNVSNTFLQEPLRHSSNLTEMPVEAENVKSKTEYYNAWSEWERNAPPGNGEQREMAVSRLRDCLDRQAHELELNNLGLSSLPELPPHLESLVASCNSLTELPELPQSLKSLLVDNNNLKALSDLPPLLEYLGVSNNQLEKLPELQNSSFLKIIDVDNNSLKKLPDLPPSLEFIAAGNNQLEELPELQNLPFLTAIYADNNSLKKLPDLPLSLESIVAGNNILEELPELQNLPFLTTIYADNNLLKTLPDLPPSLEALNVRDNYLTDLPELPQSLTFLDVSENILSGLSELPPNLYYLNASSNELRSLCDLPPSLEELNVSNNKLIELPALPPRLERLIASFNHLAEVPELPQNLKQLHVEYNPLREFPDIPESVEDLRMNSERVVDPYEFAHETTDKLEDDVFE
P05230,HFNLPPGNYKKPKLLYCSNGGHFLRILPDGTVDGTRDRSDQHIQLQLSAESVGEVYIKSTETGQYLAMDTDGLLYGSQTPNEECLFLERLEENHYNTYISKKHAEKNWFVGLKKNGSCKRGPRTHYGQKAILFLPLPVHFNLPPGNYKKPKLLYCSNGGHFLRILPDGTVDGTRDRSDQHIQLQLSAESVGEVYIKSTETGQYLAMDTDGLLYGSQTPNEECLFLERLEENHYNTYISKKHAEKNWFVGLKKNGSCKRGPRTHYGQKAILFLPLPV,K13V:C118V:P135V,HFNLPPGNYKKPVLLYCSNGGHFLRILPDGTVDGTRDRSDQHIQLQLSAESVGEVYIKSTETGQYLAMDTDGLLYGSQTPNEECLFLERLEENHYNTYISKKHAEKNWFVGLKKNGSVKRGPRTHYGQKAILFLVLPVHFNLPPGNYKKPKLLYCSNGGHFLRILPDGTVDGTRDRSDQHIQLQLSAESVGEVYIKSTETGQYLAMDTDGLLYGSQTPNEECLFLERLEENHYNTYISKKHAEKNWFVGLKKNGSCKRGPRTHYGQKAILFLPLPV
P04925,MANLGYWLLALFVTMWTDVGLCKKRPKPGGWNTGGSRYPGQGSPGGNRYPPQGGTWGQPHGGGWGQPHGGSWGQPHGGSWGQPHGGGWGQGGGTHNQWNKPSKPKTNLKHVAGAAAAGAVVGGLGGYMLGSAMSRPMIHFGNDWEDRYYRENMYRYPNQVYYRPVDQYSNQNNFVHDCVNITIKQHTVTTTTKGENFTETDVKMMERVVEQMCVTQYQKESQAYYDGRRSSSTVLFSSPPVILLISFLIFLIVG,H186Y:F197H,MANLGYWLLALFVTMWTDVGLCKKRPKPGGWNTGGSRYPGQGSPGGNRYPPQGGTWGQPHGGGWGQPHGGSWGQPHGGSWGQPHGGGWGQGGGTHNQWNKPSKPKTNLKHVAGAAAAGAVVGGLGGYMLGSAMSRPMIHFGNDWEDRYYRENMYRYPNQVYYRPVDQYSNQNNFVHDCVNITIKQYTVTTTTKGENHTETDVKMMERVVEQMCVTQYQKESQAYYDGRRSSSTVLFSSPPVILLISFLIFLIVG
P04925,MANLGYWLLALFVTMWTDVGLCKKRPKPGGWNTGGSRYPGQGSPGGNRYPPQGGTWGQPHGGGWGQPHGGSWGQPHGGSWGQPHGGGWGQGGGTHNQWNKPSKPKTNLKHVAGAAAAGAVVGGLGGYMLGSAMSRPMIHFGNDWEDRYYRENMYRYPNQVYYRPVDQYSNQNNFVHDCVNITIKQHTVTTTTKGENFTETDVKMMERVVEQMCVTQYQKESQAYYDGRRSSSTVLFSSPPVILLISFLIFLIVG,Y154H:H186Y,MANLGYWLLALFVTMWTDVGLCKKRPKPGGWNTGGSRYPGQGSPGGNRYPPQGGTWGQPHGGGWGQPHGGSWGQPHGGSWGQPHGGGWGQGGGTHNQWNKPSKPKTNLKHVAGAAAAGAVVGGLGGYMLGSAMSRPMIHFGNDWEDRYYRENMHRYPNQVYYRPVDQYSNQNNFVHDCVNITIKQYTVTTTTKGENFTETDVKMMERVVEQMCVTQYQKESQAYYDGRRSSSTVLFSSPPVILLISFLIFLIVG
P54178,MKVIKGLTAGLIFLFLCACGGQQIKDPLNYEVEPFTFQNQDGKNVSLESLKGEVWLADFIFTNCETICPPMTAHMTDLQKKLKAENIDVRIISFSVDPENDKPKQLKKFAANYPLSFDNWDFLTGYSQSEIEEFALKSFKAIVKKPEGEDQVIHQSSFYLVGPDGKVLKDYNGVENTPYDDIISDVKSASTLK,F61W:W120F,MKVIKGLTAGLIFLFLCACGGQQIKDPLNYEVEPFTFQNQDGKNVSLESLKGEVWLADFIWTNCETICPPMTAHMTDLQKKLKAENIDVRIISFSVDPENDKPKQLKKFAANYPLSFDNFDFLTGYSQSEIEEFALKSFKAIVKKPEGEDQVIHQSSFYLVGPDGKVLKDYNGVENTPYDDIISDVKSASTLK
P54178,MKVIKGLTAGLIFLFLCACGGQQIKDPLNYEVEPFTFQNQDGKNVSLESLKGEVWLADFIFTNCETICPPMTAHMTDLQKKLKAENIDVRIISFSVDPENDKPKQLKKFAANYPLSFDNWDFLTGYSQSEIEEFALKSFKAIVKKPEGEDQVIHQSSFYLVGPDGKVLKDYNGVENTPYDDIISDVKSASTLK,W55A:F61W,MKVIKGLTAGLIFLFLCACGGQQIKDPLNYEVEPFTFQNQDGKNVSLESLKGEVALADFIWTNCETICPPMTAHMTDLQKKLKAENIDVRIISFSVDPENDKPKQLKKFAANYPLSFDNWDFLTGYSQSEIEEFALKSFKAIVKKPEGEDQVIHQSSFYLVGPDGKVLKDYNGVENTPYDDIISDVKSASTLK
P54178,MKVIKGLTAGLIFLFLCACGGQQIKDPLNYEVEPFTFQNQDGKNVSLESLKGEVWLADFIFTNCETICPPMTAHMTDLQKKLKAENIDVRIISFSVDPENDKPKQLKKFAANYPLSFDNWDFLTGYSQSEIEEFALKSFKAIVKKPEGEDQVIHQSSFYLVGPDGKVLKDYNGVENTPYDDIISDVKSASTLK,W55F:F61W,MKVIKGLTAGLIFLFLCACGGQQIKDPLNYEVEPFTFQNQDGKNVSLESLKGEVFLADFIWTNCETICPPMTAHMTDLQKKLKAENIDVRIISFSVDPENDKPKQLKKFAANYPLSFDNWDFLTGYSQSEIEEFALKSFKAIVKKPEGEDQVIHQSSFYLVGPDGKVLKDYNGVENTPYDDIISDVKSASTLK
P00651,MMYSKLLTLTTLLLPTALALPSLVERACDYTCGSNCYSSSDVSTAQAAGYQLHEDGETVGSNSYPHKYNNYEGFDFSVSSPYYEWPILSSGDVYSGGSPGADRVVFNENNQLAGVITHTGASGNNFVECT,T117A:T119A,MMYSKLLTLTTLLLPTALALPSLVERACDYTCGSNCYSSSDVSTAQAAGYQLHEDGETVGSNSYPHKYNNYEGFDFSVSSPYYEWPILSSGDVYSGGSPGADRVVFNENNQLAGVIAHAGASGNNFVECT
P00651,MMYSKLLTLTTLLLPTALALPSLVERACDYTCGSNCYSSSDVSTAQAAGYQLHEDGETVGSNSYPHKYNNYEGFDFSVSSPYYEWPILSSGDVYSGGSPGADRVVFNENNQLAGVITHTGASGNNFVECT,T117A:T119V,MMYSKLLTLTTLLLPTALALPSLVERACDYTCGSNCYSSSDVSTAQAAGYQLHEDGETVGSNSYPHKYNNYEGFDFSVSSPYYEWPILSSGDVYSGGSPGADRVVFNENNQLAGVIAHVGASGNNFVECT
P00651,MMYSKLLTLTTLLLPTALALPSLVERACDYTCGSNCYSSSDVSTAQAAGYQLHEDGETVGSNSYPHKYNNYEGFDFSVSSPYYEWPILSSGDVYSGGSPGADRVVFNENNQLAGVITHTGASGNNFVECT,T117V:T119A,MMYSKLLTLTTLLLPTALALPSLVERACDYTCGSNCYSSSDVSTAQAAGYQLHEDGETVGSNSYPHKYNNYEGFDFSVSSPYYEWPILSSGDVYSGGSPGADRVVFNENNQLAGVIVHAGASGNNFVECT
P00651,MMYSKLLTLTTLLLPTALALPSLVERACDYTCGSNCYSSSDVSTAQAAGYQLHEDGETVGSNSYPHKYNNYEGFDFSVSSPYYEWPILSSGDVYSGGSPGADRVVFNENNQLAGVITHTGASGNNFVECT,T117V:T119V,MMYSKLLTLTTLLLPTALALPSLVERACDYTCGSNCYSSSDVSTAQAAGYQLHEDGETVGSNSYPHKYNNYEGFDFSVSSPYYEWPILSSGDVYSGGSPGADRVVFNENNQLAGVIVHVGASGNNFVECT
P81662,SELAGTIIDGASLTFEVLDKVLGELGKVSRKIAVGIDNESGGTWTALNAYFRSGTTDVILPEVVPNTKALLYSGRKSSGPVATGAVAAFAYYMSNGNTLGVMFSVPFDYNWYSNWWDVKIYPGKRRADQGMYEDMYYGNPYRGDNGWYQKNLGYGLRMKGIMTSAGEAKMQIKISR,E2A:D9A,SALAGTIIAGASLTFEVLDKVLGELGKVSRKIAVGIDNESGGTWTALNAYFRSGTTDVILPEVVPNTKALLYSGRKSSGPVATGAVAAFAYYMSNGNTLGVMFSVPFDYNWYSNWWDVKIYPGKRRADQGMYEDMYYGNPYRGDNGWYQKNLGYGLRMKGIMTSAGEAKMQIKISR
O95363,MVGSALRRGAHAYVYLVSKASHISRGHQHQAWGSRPPAAECATQRAPGSVVELLGKSYPQDDHSNLTRKVLTRVGRNLHNQQHHPLWLIKERVKEHFYKQYVGRFGTPLFSVYDNLSPVVTTWQNFDSLLIPADHPSRKKGDNYYLNRTHMLRAHTSAHQWDLLHAGLDAFLVVGDVYRRDQIDSQHYPIFHQLEAVRLFSKHELFAGIKDGESLQLFEQSSRSAHKQETHTMEAVKLVEFDLKQTLTRLMAHLFGDELEIRWVDCYFPFTHPSFEMEINFHGEWLEVLGCGVMEQQLVNSAGAQDRIGWAFGLGLERLAMILYDIPDIRLFWCEDERFLKQFCVSNINQKVKFQPLSKYPAVINDISFWLPSENYAENDFYDLVRTIGGDLVEKVDLIDKFVHPKTHKTSHCYRITYRHMERTLSQREVRHIHQALQEAAVQLLGVEGRF,S57C:N280S,MVGSALRRGAHAYVYLVSKASHISRGHQHQAWGSRPPAAECATQRAPGSVVELLGKCYPQDDHSNLTRKVLTRVGRNLHNQQHHPLWLIKERVKEHFYKQYVGRFGTPLFSVYDNLSPVVTTWQNFDSLLIPADHPSRKKGDNYYLNRTHMLRAHTSAHQWDLLHAGLDAFLVVGDVYRRDQIDSQHYPIFHQLEAVRLFSKHELFAGIKDGESLQLFEQSSRSAHKQETHTMEAVKLVEFDLKQTLTRLMAHLFGDELEIRWVDCYFPFTHPSFEMEISFHGEWLEVLGCGVMEQQLVNSAGAQDRIGWAFGLGLERLAMILYDIPDIRLFWCEDERFLKQFCVSNINQKVKFQPLSKYPAVINDISFWLPSENYAENDFYDLVRTIGGDLVEKVDLIDKFVHPKTHKTSHCYRITYRHMERTLSQREVRHIHQALQEAAVQLLGVEGRF
P29160,MVDFAFELRKAQDTGKIVMGARKSIQYAKMGGAKLIIVARNARPDIKEDIEYYARLSGIPVYEFEGTSVELGTLLGRPHTVSALAVVDPGESRILALGGKE,R9K:R22K:R43K:R55K:R77K,MVDFAFELKKAQDTGKIVMGAKKSIQYAKMGGAKLIIVARNAKPDIKEDIEYYAKLSGIPVYEFEGTSVELGTLLGKPHTVSALAVVDPGESRILALGGKE
P02647,MKAAVLTLAVLFLTGSQARHFWQQDEPPQSPWDRVKDLATVYVDVLKDSGRDYVSQFEGSALGKQLNLKLLDNWDSVTSTFSKLREQLGPVTQEFWDNLEKETEGLRQEMSKDLEEVKAKVQPYLDDFQKKWQEEMELYRQKVEPLRAELQEGARQKLHELQEKLSPLGEEMRDRARAHVDALRTHLAPYSDELRQRLAARLEALKENGGARLAEYHAKATEHLSTLSEKAKPALEDLRQGLLPVLESFKVSFLSALEEYTKKLNTQ,Y42P:S79P,MKAAVLTLAVLFLTGSQARHFWQQDEPPQSPWDRVKDLATVPVDVLKDSGRDYVSQFEGSALGKQLNLKLLDNWDSVTPTFSKLREQLGPVTQEFWDNLEKETEGLRQEMSKDLEEVKAKVQPYLDDFQKKWQEEMELYRQKVEPLRAELQEGARQKLHELQEKLSPLGEEMRDRARAHVDALRTHLAPYSDELRQRLAARLEALKENGGARLAEYHAKATEHLSTLSEKAKPALEDLRQGLLPVLESFKVSFLSALEEYTKKLNTQ
